t,x,y,z,xd,yd,zd,xdot,ydot,zdot,norm
0.0100003,0.288661,0.00185423,0.611396,0.6,0.3,0.4,0.465825,0.448344,-0.317541,0.720304
0.0200003,0.295582,0.00856183,0.606654,0.6,0.3,0.4,0.892395,0.870776,-0.614608,1.39009
0.0300003,0.306038,0.0188573,0.599401,0.6,0.3,0.4,1.17793,1.17005,-0.822761,1.85297
0.0400003,0.318773,0.031629,0.590433,0.6,0.3,0.4,1.35342,1.36949,-0.960566,2.15173
0.0500003,0.332831,0.0459798,0.580372,0.6,0.3,0.4,1.44666,1.48889,-1.04378,2.3236
0.0600003,0.34751,0.061198,0.569697,0.6,0.3,0.4,1.4811,1.54586,-1.0856,2.40039
0.0700003,0.36232,0.0767405,0.558763,0.6,0.3,0.4,1.47562,1.55615,-1.0968,2.40874
0.0800003,0.376938,0.0922114,0.547833,0.6,0.3,0.4,1.44524,1.534,-1.08647,2.37114
0.0900003,0.391172,0.107343,0.537088,0.6,0.3,0.4,1.39978,1.48959,-1.06047,2.30279
0.1,0.40491,0.12196,0.526658,0.6,0.3,0.4,1.34699,1.43201,-1.02415,2.21673
0.11,0.418103,0.13596,0.516627,0.6,0.3,0.4,1.2914,1.36726,-0.981138,2.12126
0.12,0.430737,0.149294,0.507049,0.6,0.3,0.4,1.23558,1.29932,-0.934108,2.02174
0.13,0.442816,0.161942,0.497953,0.6,0.3,0.4,1.1803,1.23006,-0.884703,1.92064
0.14,0.454345,0.173893,0.489359,0.6,0.3,0.4,1.12548,1.16017,-0.833961,1.81884
0.15,0.465323,0.185142,0.481276,0.6,0.3,0.4,1.07014,1.08938,-0.782371,1.71582
0.16,0.475744,0.195677,0.473713,0.6,0.3,0.4,1.01386,1.01756,-0.730355,1.61145
0.17,0.485596,0.20549,0.46667,0.6,0.3,0.4,0.95651,0.944645,-0.678215,1.50574
0.18,0.494869,0.214568,0.460148,0.6,0.3,0.4,0.897782,0.870963,-0.626331,1.39889
0.19,0.50355,0.222909,0.454141,0.6,0.3,0.4,0.838386,0.797144,-0.575111,1.29193
0.2,0.511637,0.230513,0.448642,0.6,0.3,0.4,0.779069,0.724111,-0.525056,1.18616
0.21,0.519134,0.237397,0.443634,0.6,0.3,0.4,0.720701,0.652936,-0.476699,1.08304
0.22,0.526057,0.243582,0.439101,0.6,0.3,0.4,0.664169,0.584627,-0.430534,0.984006
0.23,0.532426,0.249103,0.435014,0.6,0.3,0.4,0.610202,0.520367,-0.387114,0.890497
0.24,0.538272,0.254005,0.431347,0.6,0.3,0.4,0.559529,0.460874,-0.346875,0.803617
0.25,0.543628,0.258339,0.428066,0.6,0.3,0.4,0.512266,0.4068,-0.309851,0.723816
0.26,0.54853,0.26216,0.425138,0.6,0.3,0.4,0.468744,0.358478,-0.276305,0.651592
0.27,0.553015,0.265528,0.422528,0.6,0.3,0.4,0.428953,0.31601,-0.246225,0.586933
0.28,0.557082,0.268472,0.420225,0.6,0.3,0.4,0.393081,0.279605,-0.219747,0.530075
0.29,0.560845,0.271106,0.418148,0.6,0.3,0.4,0.360151,0.24818,-0.19611,0.479334
0.3,0.564295,0.273452,0.416293,0.6,0.3,0.4,0.330242,0.221633,-0.175308,0.434643
0.31,0.567154,0.275353,0.414791,0.6,0.3,0.4,0.305618,0.201473,-0.158775,0.399002
0.32,0.570362,0.277453,0.413145,0.6,0.3,0.4,0.27815,0.180908,-0.141003,0.360523
0.33,0.573029,0.279183,0.411807,0.6,0.3,0.4,0.25537,0.165462,-0.126861,0.329674
0.34,0.575476,0.28077,0.410602,0.6,0.3,0.4,0.23443,0.152491,-0.114337,0.302132
0.35,0.577723,0.282238,0.409515,0.6,0.3,0.4,0.215122,0.141463,-0.103185,0.277374
0.36,0.579783,0.283604,0.408534,0.6,0.3,0.4,0.197276,0.131919,-0.0931981,0.254963
0.37,0.581673,0.28488,0.407648,0.6,0.3,0.4,0.180751,0.123482,-0.084205,0.23454
0.38,0.583403,0.286076,0.406848,0.6,0.3,0.4,0.165435,0.115853,-0.0760659,0.215816
0.39,0.584985,0.2872,0.406125,0.6,0.3,0.4,0.151232,0.108794,-0.0686739,0.198553
0.4,0.586431,0.288254,0.405471,0.6,0.3,0.4,0.138122,0.10216,-0.0619996,0.182642
0.41,0.58775,0.289243,0.404883,0.6,0.3,0.4,0.125903,0.0957825,-0.0558482,0.167764
0.42,0.588952,0.29017,0.404353,0.6,0.3,0.4,0.114599,0.0896162,-0.050242,0.15391
0.43,0.590045,0.291037,0.403876,0.6,0.3,0.4,0.104153,0.083628,-0.0451292,0.14099
0.44,0.591038,0.291843,0.403448,0.6,0.3,0.4,0.0945147,0.0778056,-0.0404696,0.128936
0.45,0.591938,0.292593,0.403065,0.6,0.3,0.4,0.0856413,0.0721463,-0.0362361,0.117697
0.46,0.592753,0.293287,0.402722,0.6,0.3,0.4,0.0774866,0.0666656,-0.0323934,0.107228
0.47,0.59349,0.293927,0.402416,0.6,0.3,0.4,0.0700081,0.0613815,-0.0289143,0.0974928
0.48,0.594155,0.294515,0.402143,0.6,0.3,0.4,0.0631638,0.056317,-0.0257703,0.0884611
0.49,0.594755,0.295054,0.4019,0.6,0.3,0.4,0.0569145,0.0514913,-0.022937,0.0801044
0.5,0.595295,0.295546,0.401684,0.6,0.3,0.4,0.0512174,0.0469213,-0.0203867,0.0723909
0.51,0.595782,0.295993,0.401491,0.6,0.3,0.4,0.046039,0.0426212,-0.0180995,0.0652974
0.52,0.596218,0.296399,0.40132,0.6,0.3,0.4,0.0413439,0.0386018,-0.0160535,0.0587974
0.53,0.59661,0.296767,0.401169,0.6,0.3,0.4,0.0370989,0.0348691,-0.0142278,0.0528641
0.54,0.596961,0.297097,0.401035,0.6,0.3,0.4,0.0332653,0.031422,-0.0126014,0.0474628
0.55,0.597277,0.297395,0.400917,0.6,0.3,0.4,0.0298102,0.0282552,-0.0111535,0.0425606
0.56,0.597559,0.297664,0.400812,0.6,0.3,0.4,0.0267017,0.0253629,-0.00986765,0.0381265
0.57,0.597811,0.297904,0.400719,0.6,0.3,0.4,0.0239113,0.0227376,-0.00872658,0.0341307
0.58,0.598038,0.298119,0.400637,0.6,0.3,0.4,0.0214093,0.0203603,-0.00771612,0.0305359
0.59,0.59824,0.298312,0.400564,0.6,0.3,0.4,0.0191678,0.018214,-0.00682314,0.0273076
0.6,0.598422,0.298484,0.4005,0.6,0.3,0.4,0.0171631,0.0162864,-0.00603526,0.0244181
0.61,0.598585,0.298638,0.400443,0.6,0.3,0.4,0.0153716,0.0145622,-0.00533805,0.0218366
0.62,0.59873,0.298776,0.400393,0.6,0.3,0.4,0.0137716,0.0130236,-0.00472328,0.0195341
0.63,0.59886,0.2989,0.400349,0.6,0.3,0.4,0.0123416,0.0116533,-0.00418062,0.0174812
0.64,0.598977,0.299009,0.400309,0.6,0.3,0.4,0.0110669,0.0104354,-0.00370267,0.0156552
0.65,0.599082,0.299108,0.400274,0.6,0.3,0.4,0.0099291,0.00935417,-0.00328017,0.0140302
0.66,0.599177,0.299197,0.400243,0.6,0.3,0.4,0.00891316,0.00839318,-0.00290774,0.0125835
0.67,0.599261,0.299277,0.400215,0.6,0.3,0.4,0.00800503,0.00754138,-0.00257892,0.0112962
0.68,0.599337,0.299349,0.400191,0.6,0.3,0.4,0.00719275,0.00678445,-0.00228766,0.0101488
0.69,0.599405,0.299413,0.40017,0.6,0.3,0.4,0.00646434,0.00611217,-0.00203046,0.00912519
0.7,0.59946,0.299466,0.400152,0.6,0.3,0.4,0.00587473,0.00556934,-0.00182465,0.00829816
0.71,0.599521,0.299523,0.400134,0.6,0.3,0.4,0.00522776,0.00497737,-0.00160037,0.00739357
0.72,0.599571,0.299571,0.400119,0.6,0.3,0.4,0.00470248,0.0044994,-0.00142176,0.00666178
0.73,0.599616,0.299613,0.400106,0.6,0.3,0.4,0.00423081,0.00406938,-0.00126252,0.00600446
0.74,0.599656,0.299652,0.400093,0.6,0.3,0.4,0.0038055,0.00368427,-0.00112119,0.00541413
0.75,0.599692,0.299687,0.400083,0.6,0.3,0.4,0.00342194,0.00333651,-0.000994993,0.00488181
0.76,0.599724,0.299719,0.400074,0.6,0.3,0.4,0.00307649,0.00302207,-0.000882512,0.00440188
0.77,0.599754,0.299748,0.400065,0.6,0.3,0.4,0.00276538,0.00273675,-0.000782583,0.00396857
0.78,0.59978,0.299774,0.400058,0.6,0.3,0.4,0.00248429,0.00247769,-0.000694092,0.00357665
0.79,0.599803,0.299797,0.400052,0.6,0.3,0.4,0.00223045,0.00224189,-0.000614989,0.00322167
0.8,0.599825,0.299818,0.400045,0.6,0.3,0.4,0.00200082,0.00202778,-0.000545083,0.0029004
0.81,0.599844,0.299838,0.40004,0.6,0.3,0.4,0.00179358,0.00183293,-0.000481687,0.00260933
0.82,0.59986,0.299855,0.400036,0.6,0.3,0.4,0.00160718,0.00165385,-0.000426271,0.00234519
0.83,0.599876,0.299871,0.400031,0.6,0.3,0.4,0.00143918,0.00149056,-0.00037711,0.002106
0.84,0.599889,0.299885,0.400028,0.6,0.3,0.4,0.00128713,0.00134245,-0.000333378,0.00188945
0.85,0.599902,0.299898,0.400026,0.6,0.3,0.4,0.00115049,0.00120685,-0.000294234,0.00169312
0.86,0.599912,0.29991,0.400023,0.6,0.3,0.4,0.00102787,0.00108282,-0.00026008,0.00151547
0.87,0.599922,0.29992,0.40002,0.6,0.3,0.4,0.000917957,0.000970284,-0.00023066,0.00135547
0.88,0.599931,0.299929,0.400017,0.6,0.3,0.4,0.000819115,0.000868267,-0.000204153,0.001211
0.89,0.599938,0.299937,0.400016,0.6,0.3,0.4,0.000729896,0.000775672,-0.000180665,0.0010803
0.9,0.599946,0.299944,0.400014,0.6,0.3,0.4,0.000650474,0.000691095,-0.000159645,0.000962401
0.91,0.599951,0.299951,0.400013,0.6,0.3,0.4,0.000578979,0.000614982,-0.000141972,0.00085649
0.92,0.599957,0.299957,0.400011,0.6,0.3,0.4,0.000515165,0.000546946,-0.000125547,0.000761778
0.93,0.599962,0.299962,0.40001,0.6,0.3,0.4,0.000458354,0.000485184,-0.000111464,0.000676695
0.94,0.599966,0.299967,0.400009,0.6,0.3,0.4,0.000407471,0.000429772,-9.90497e-05,0.000600456
0.95,0.59997,0.299971,0.400008,0.6,0.3,0.4,0.00036231,0.000380189,-8.85621e-05,0.000532593
0.96,0.599973,0.299974,0.400007,0.6,0.3,0.4,0.00032178,0.000336097,-7.94516e-05,0.000472034
0.97,0.599977,0.299977,0.400007,0.6,0.3,0.4,0.000286011,0.000296539,-7.13736e-05,0.000418129
0.98,0.599979,0.29998,0.400006,0.6,0.3,0.4,0.000253673,0.000261599,-6.38469e-05,0.000369946
0.99,0.599982,0.299982,0.400005,0.6,0.3,0.4,0.000225216,0.000230121,-5.69836e-05,0.000326994
1,0.599983,0.299985,0.400004,0.6,0.3,0.4,0.000199616,0.000202734,-5.14729e-05,0.000289131
1.01,0.599986,0.299986,0.400004,0.6,0.3,0.4,0.000177378,0.000177566,-4.63807e-05,0.000255233
1.02,0.599987,0.299988,0.400004,0.6,0.3,0.4,0.000157003,0.000156383,-4.12989e-05,0.000225413
1.03,0.599989,0.29999,0.400003,0.6,0.3,0.4,0.000139103,0.000137204,-3.73233e-05,0.000198916
1.04,0.59999,0.299991,0.400003,0.6,0.3,0.4,0.000123424,0.000119898,-3.33838e-05,0.000175281
1.05,0.599991,0.299992,0.400003,0.6,0.3,0.4,0.000109083,0.000105361,-3.01954e-05,0.000154635
1.06,0.599992,0.299993,0.400003,0.6,0.3,0.4,9.63606e-05,9.23657e-05,-2.78398e-05,0.000136352
1.07,0.599993,0.299994,0.400002,0.6,0.3,0.4,8.56333e-05,8.06691e-05,-2.4934e-05,0.000120259
1.08,0.599994,0.299994,0.400002,0.6,0.3,0.4,7.56093e-05,7.07895e-05,-2.28646e-05,0.000106069
1.09,0.599995,0.299995,0.400001,0.6,0.3,0.4,6.70408e-05,6.15352e-05,-2.06254e-05,9.33084e-05
1.1,0.599995,0.299995,0.400001,0.6,0.3,0.4,5.91279e-05,5.42078e-05,-1.83667e-05,8.22918e-05
1.11,0.599996,0.299996,0.400001,0.6,0.3,0.4,5.28366e-05,4.78222e-05,-1.61571e-05,7.30734e-05
1.12,0.599996,0.299997,0.400001,0.6,0.3,0.4,4.58896e-05,4.14426e-05,-1.42939e-05,6.34638e-05
1.13,0.599997,0.299997,0.400001,0.6,0.3,0.4,4.07602e-05,3.59507e-05,-1.22348e-05,5.57094e-05
1.14,0.599997,0.299998,0.400001,0.6,0.3,0.4,3.59139e-05,3.16815e-05,-1.06697e-05,4.90649e-05
1.15,0.599998,0.299998,0.400001,0.6,0.3,0.4,3.13551e-05,2.76988e-05,-1.02004e-05,4.30629e-05
1.16,0.599998,0.299998,0.4,0.6,0.3,0.4,2.78235e-05,2.41539e-05,-8.68261e-06,3.78543e-05
1.17,0.599998,0.299998,0.400001,0.6,0.3,0.4,2.48585e-05,2.1375e-05,-8.11215e-06,3.37734e-05
1.18,0.599998,0.299998,0.400001,0.6,0.3,0.4,2.1515e-05,1.83935e-05,-7.44924e-06,2.92696e-05
1.19,0.599999,0.299998,0.4,0.6,0.3,0.4,1.8936e-05,1.61322e-05,-5.95324e-06,2.55785e-05
1.2,0.599999,0.299999,0.4,0.6,0.3,0.4,1.64609e-05,1.44564e-05,-5.59132e-06,2.261e-05
1.21,0.599999,0.299999,0.4,0.6,0.3,0.4,1.45558e-05,1.26867e-05,-4.79224e-06,1.98945e-05
1.22,0.599999,0.299999,0.400001,0.6,0.3,0.4,1.27169e-05,1.10272e-05,-3.86435e-06,1.727e-05
1.23,0.599999,0.3,0.4,0.6,0.3,0.4,1.11557e-05,9.53658e-06,-3.73353e-06,1.51438e-05
1.24,0.599999,0.299999,0.4,0.6,0.3,0.4,9.83377e-06,8.37394e-06,-3.13118e-06,1.32902e-05
1.25,0.599999,0.299999,0.400001,0.6,0.3,0.4,8.63096e-06,7.31571e-06,-2.82466e-06,1.16616e-05
1.26,0.599999,0.299999,0.4,0.6,0.3,0.4,7.65834e-06,6.62794e-06,-2.39125e-06,1.04066e-05
1.27,0.599999,0.3,0.4,0.6,0.3,0.4,6.59783e-06,5.99961e-06,-2.14503e-06,9.17213e-06
1.28,0.599999,0.3,0.4,0.6,0.3,0.4,6.12264e-06,4.71163e-06,-2.37221e-06,8.08168e-06
1.29,0.599999,0.3,0.4,0.6,0.3,0.4,5.21152e-06,4.3363e-06,-1.45447e-06,6.9339e-06
1.3,0.6,0.299999,0.4,0.6,0.3,0.4,4.75823e-06,3.66193e-06,-2.5376e-06,6.51842e-06
1.31,0.6,0.299999,0.4,0.6,0.3,0.4,4.27975e-06,2.87117e-06,-2.1989e-06,5.60312e-06
1.32,0.6,0.3,0.4,0.6,0.3,0.4,3.55285e-06,3.244e-06,-1.40089e-06,5.01087e-06
1.33,0.6,0.3,0.4,0.6,0.3,0.4,3.0714e-06,2.61251e-06,-1.30174e-06,4.23712e-06
1.34,0.6,0.3,0.4,0.6,0.3,0.4,2.8531e-06,2.45219e-06,-1.16941e-06,3.93966e-06
1.35,0.6,0.3,0.4,0.6,0.3,0.4,2.18944e-06,2.81946e-06,-1.35511e-06,3.81829e-06
1.36,0.6,0.3,0.4,0.6,0.3,0.4,2.06511e-06,2.18248e-06,-4.80721e-07,3.04286e-06
1.37,0.6,0.299999,0.4,0.6,0.3,0.4,1.73617e-06,1.93699e-06,-1.31585e-06,2.91508e-06
1.38,0.6,0.3,0.4,0.6,0.3,0.4,1.55317e-06,1.59931e-06,-8.387e-07,2.38192e-06
1.39,0.6,0.3,0.4,0.6,0.3,0.4,1.54975e-06,1.5156e-06,-8.2149e-07,2.3181e-06
1.4,0.6,0.3,0.4,0.6,0.3,0.4,1.24648e-06,1.81938e-06,1.4207e-07,2.20998e-06
1.41,0.6,0.3,0.4,0.6,0.3,0.4,1.24783e-06,1.07005e-06,-2.55845e-07,1.66359e-06
1.42,0.6,0.3,0.4,0.6,0.3,0.4,1.22997e-06,9.13981e-07,-1.2439e-07,1.53742e-06
1.43,0.6,0.3,0.4,0.6,0.3,0.4,8.68273e-07,9.78762e-07,-2.76768e-07,1.33734e-06
1.44,0.6,0.3,0.4,0.6,0.3,0.4,7.8942e-07,9.4376e-07,-3.19636e-07,1.27123e-06
1.45,0.6,0.299999,0.4,0.6,0.3,0.4,6.96626e-07,8.527e-07,-1.5844e-07,1.11242e-06
1.46,0.6,0.3,0.4,0.6,0.3,0.4,8.21753e-07,8.2818e-07,-5.27729e-08,1.16788e-06
1.47,0.6,0.3,0.4,0.6,0.3,0.4,6.65638e-07,9.40495e-07,-7.4253e-07,1.37075e-06
1.48,0.6,0.3,0.4,0.6,0.3,0.4,8.25189e-07,3.48155e-07,1.94115e-07,9.16422e-07
1.49,0.6,0.3,0.4,0.6,0.3,0.4,8.52599e-07,2.10551e-07,2.28481e-08,8.7851e-07
1.5,0.6,0.3,0.4,0.6,0.3,0.4,8.10007e-07,3.96063e-07,2.48387e-07,9.35239e-07
1.51,0.6,0.3,0.4,0.6,0.3,0.4,5.65293e-07,1.91342e-07,-3.81953e-07,7.08559e-07
1.52,0.6,0.3,0.4,0.6,0.3,0.4,4.66259e-07,3.09885e-07,-2.6308e-07,6.18577e-07
1.53,0.6,0.3,0.4,0.6,0.3,0.4,3.61362e-07,4.72581e-07,-1.31172e-07,6.09198e-07
1.54,0.6,0.3,0.4,0.6,0.3,0.4,2.17702e-07,4.50138e-07,-5.31415e-08,5.02834e-07
1.55,0.6,0.3,0.4,0.6,0.3,0.4,3.32206e-07,5.11776e-07,-1.38888e-07,6.25752e-07
1.56,0.6,0.3,0.4,0.6,0.3,0.4,2.05857e-07,1.62285e-07,-6.52497e-08,2.70131e-07
1.57,0.6,0.3,0.4,0.6,0.3,0.4,4.19405e-07,-2.79106e-08,-4.88633e-07,6.44548e-07
1.58,0.6,0.3,0.4,0.6,0.3,0.4,3.38058e-07,-1.93443e-08,1.02152e-07,3.53684e-07
1.59,0.6,0.3,0.4,0.6,0.3,0.4,3.60365e-07,1.57071e-07,-1.72739e-07,4.29387e-07
1.6,0.6,0.3,0.4,0.6,0.3,0.4,1.38144e-07,4.79371e-07,-3.82621e-07,6.28712e-07
1.61,0.6,0.3,0.4,0.6,0.3,0.4,3.67314e-07,2.91742e-07,-1.48078e-07,4.91894e-07
1.62,0.6,0.3,0.4,0.6,0.3,0.4,1.33636e-07,2.29469e-07,-3.294e-07,4.23106e-07
1.63,0.6,0.3,0.4,0.6,0.3,0.4,3.01119e-07,-2.30737e-07,-3.64907e-08,3.81109e-07
1.64,0.6,0.3,0.4,0.6,0.3,0.4,-9.98211e-08,6.20117e-07,2.10294e-07,6.62369e-07
1.65,0.6,0.3,0.4,0.6,0.3,0.4,-1.16081e-07,5.8334e-07,8.96536e-08,6.01496e-07
1.66,0.6,0.3,0.4,0.6,0.3,0.4,1.84849e-07,1.11818e-07,-2.71771e-07,3.47177e-07
1.67,0.6,0.3,0.4,0.6,0.3,0.4,1.68933e-08,3.56643e-07,1.96129e-07,4.07365e-07
1.68,0.6,0.3,0.4,0.6,0.3,0.4,7.99144e-08,2.22957e-07,1.28364e-07,2.69394e-07
1.69,0.6,0.3,0.4,0.6,0.3,0.4,-4.00736e-08,3.18551e-07,-2.24266e-07,3.91632e-07
1.7,0.6,0.3,0.4,0.6,0.3,0.4,-2.97395e-07,7.17469e-07,-5.11482e-08,7.78345e-07
1.71,0.6,0.3,0.4,0.6,0.3,0.4,-3.05811e-07,7.09002e-07,-5.25896e-07,9.34222e-07
1.72,0.6,0.3,0.4,0.6,0.3,0.4,5.01138e-08,-1.243e-07,8.39655e-08,1.58152e-07
1.73,0.6,0.3,0.4,0.6,0.3,0.4,3.34094e-08,4.20778e-07,6.35689e-08,4.26862e-07
1.74,0.6,0.3,0.4,0.6,0.3,0.4,1.88106e-08,1.77397e-07,-5.24534e-07,5.54039e-07
1.75,0.6,0.3,0.4,0.6,0.3,0.4,2.65037e-07,-4.93458e-07,-2.26046e-07,6.04021e-07
1.76,0.6,0.3,0.4,0.6,0.3,0.4,5.07634e-07,-6.07391e-07,-2.21243e-08,7.919e-07
1.77,0.6,0.3,0.4,0.6,0.3,0.4,1.67807e-08,2.83883e-07,-1.17497e-07,3.07695e-07
1.78,0.6,0.3,0.4,0.6,0.3,0.4,-3.77462e-07,8.12872e-07,-5.14326e-07,1.03333e-06
1.79,0.6,0.3,0.4,0.6,0.3,0.4,-3.07493e-07,6.22161e-07,-1.19166e-06,1.37902e-06
1.8,0.6,0.3,0.4,0.6,0.3,0.4,-8.75079e-07,1.3988e-06,-1.3873e-06,2.15569e-06
1.81,0.6,0.3,0.4,0.6,0.3,0.4,-7.7458e-07,8.34731e-07,-1.72478e-06,2.06679e-06
1.82,0.6,0.3,0.4,0.6,0.3,0.4,-8.97478e-07,1.32568e-06,-1.68384e-06,2.32341e-06
1.83,0.6,0.300001,0.4,0.6,0.3,0.4,-2.34631e-07,-8.88535e-08,-1.941e-06,1.95715e-06
1.84,0.6,0.3,0.4,0.6,0.3,0.4,-4.25131e-07,1.59501e-07,-1.92102e-06,1.97396e-06
1.85,0.6,0.3,0.4,0.6,0.3,0.4,4.43663e-08,-1.90082e-07,-1.29712e-06,1.31172e-06
1.86,0.6,0.3,0.4,0.6,0.3,0.4,2.48374e-07,-1.15563e-07,-1.01089e-06,1.04735e-06
1.87,0.6,0.3,0.4,0.6,0.3,0.4,5.00336e-07,-5.99816e-08,-3.34168e-07,6.0465e-07
1.88,0.6,0.3,0.4,0.6,0.3,0.4,-1.63641e-07,3.40508e-07,-2.60562e-07,4.5893e-07
1.89,0.6,0.3,0.4,0.6,0.3,0.4,8.81832e-08,-2.99422e-07,2.68601e-07,4.11797e-07
1.9,0.6,0.3,0.399999,0.6,0.3,0.4,1.22477e-07,-5.34188e-07,8.50585e-07,1.01186e-06
1.91,0.6,0.3,0.4,0.6,0.3,0.4,3.70675e-07,-6.172e-07,1.28519e-06,1.47311e-06
1.92,0.6,0.3,0.4,0.6,0.3,0.4,3.17353e-07,-3.31723e-07,1.0575e-06,1.15285e-06
1.93,0.6,0.3,0.4,0.6,0.3,0.4,5.33981e-07,-6.56184e-07,3.27178e-07,9.0706e-07
1.94,0.6,0.3,0.4,0.6,0.3,0.4,4.87246e-08,2.66011e-07,4.62478e-07,5.35744e-07
1.95,0.6,0.3,0.4,0.6,0.3,0.4,2.63119e-07,3.44726e-08,1.52306e-07,3.05969e-07
1.96,0.6,0.3,0.4,0.6,0.3,0.4,-4.24665e-09,-5.2733e-07,-7.5551e-08,5.32732e-07
1.97,0.6,0.3,0.4,0.6,0.3,0.4,1.88392e-07,-2.3194e-07,5.51526e-07,6.27271e-07
1.98,0.6,0.3,0.4,0.6,0.3,0.4,9.9033e-08,5.24078e-08,1.46781e-06,1.47208e-06
1.99,0.6,0.3,0.4,0.6,0.3,0.4,-2.20621e-07,3.90899e-07,1.83733e-06,1.89137e-06
2,0.6,0.3,0.4,0.6,0.3,0.4,2.60524e-08,7.63774e-08,1.60965e-06,1.61167e-06
2.01,0.6,0.3,0.4,0.6,0.3,0.4,7.40696e-07,-8.19244e-07,1.34359e-06,1.73926e-06
2.02,0.6,0.3,0.4,0.6,0.3,0.4,6.21517e-07,-4.85981e-07,8.37572e-07,1.15065e-06
2.03,0.6,0.3,0.4,0.6,0.3,0.4,2.86189e-07,-2.66029e-07,-5.69479e-07,6.90639e-07
2.04,0.6,0.3,0.4,0.6,0.3,0.4,3.32614e-07,-5.16467e-07,-8.41272e-07,1.04169e-06
2.05,0.6,0.3,0.4,0.6,0.3,0.4,6.31416e-08,-2.89817e-07,-5.01415e-07,5.82579e-07
2.06,0.6,0.299999,0.4,0.6,0.3,0.4,-4.06351e-07,5.97669e-08,-1.12532e-06,1.19793e-06
2.07,0.6,0.3,0.4,0.6,0.3,0.4,-5.09861e-07,4.5709e-07,-1.32333e-06,1.49e-06
2.08,0.6,0.3,0.4,0.6,0.3,0.4,-5.29515e-07,1.95582e-07,-9.53804e-07,1.10832e-06
2.09,0.6,0.3,0.4,0.6,0.3,0.4,-2.82842e-07,-1.18937e-07,-1.18149e-06,1.22068e-06
2.1,0.6,0.3,0.4,0.6,0.3,0.4,-3.25428e-08,-9.90382e-07,-1.31461e-06,1.64624e-06
2.11,0.6,0.3,0.4,0.6,0.3,0.4,-2.02132e-07,-6.04129e-07,-8.71306e-07,1.07935e-06
2.12,0.6,0.3,0.4,0.6,0.3,0.4,-2.03656e-07,-8.35643e-07,-1.53359e-06,1.75832e-06
2.13,0.6,0.3,0.4,0.6,0.3,0.4,-1.05526e-07,-9.66409e-07,-1.17277e-06,1.52331e-06
2.14,0.6,0.3,0.4,0.6,0.3,0.4,-3.40966e-07,-5.32371e-07,-1.0078e-06,1.18968e-06
2.15,0.6,0.3,0.4,0.6,0.3,0.4,-1.01058e-06,5.76818e-07,-1.52826e-06,1.92082e-06
2.16,0.6,0.3,0.4,0.6,0.3,0.4,-1.08028e-06,1.12267e-06,-9.81504e-07,1.8414e-06
2.17,0.6,0.3,0.4,0.6,0.3,0.4,-1.49807e-06,1.59193e-06,-9.72796e-07,2.39265e-06
2.18,0.6,0.3,0.4,0.6,0.3,0.4,-1.41561e-06,1.39711e-06,-9.19982e-07,2.1914e-06
2.19,0.6,0.3,0.4,0.6,0.3,0.4,-7.49754e-07,1.49324e-07,-6.41648e-07,9.98068e-07
2.2,0.6,0.3,0.4,0.6,0.3,0.4,-5.49505e-07,8.52426e-08,-5.97541e-07,8.16258e-07
2.21,0.6,0.3,0.4,0.6,0.3,0.4,5.06277e-08,-4.19235e-07,-4.49988e-07,6.17098e-07
2.22,0.6,0.3,0.4,0.6,0.3,0.4,2.00694e-07,-3.71474e-07,-3.76211e-07,5.65513e-07
2.23,0.6,0.3,0.4,0.6,0.3,0.4,5.02928e-07,-1.06439e-06,-7.96372e-07,1.42129e-06
2.24,0.6,0.3,0.4,0.6,0.3,0.4,6.52995e-07,-1.01663e-06,-7.22595e-07,1.40787e-06
2.25,0.6,0.3,0.4,0.6,0.3,0.4,8.83289e-07,-1.07077e-06,-1.75844e-07,1.39917e-06
2.26,0.6,0.3,0.4,0.6,0.3,0.4,8.35341e-07,-1.05185e-06,-5.66334e-07,1.45771e-06
2.27,0.6,0.3,0.4,0.6,0.3,0.4,8.35341e-07,-1.05185e-06,-5.66334e-07,1.45771e-06
2.28,0.6,0.3,0.4,0.6,0.3,0.4,1.28541e-06,-1.60409e-06,-4.92557e-07,2.11376e-06
2.29,0.6,0.3,0.4,0.6,0.3,0.4,1.28541e-06,-1.60409e-06,-4.92557e-07,2.11376e-06
2.3,0.6,0.3,0.4,0.6,0.3,0.4,1.28541e-06,-1.60409e-06,-4.92557e-07,2.11376e-06
2.31,0.6,0.3,0.4,0.6,0.3,0.4,1.01769e-06,-1.08707e-06,-4.10073e-07,1.54453e-06
2.32,0.6,0.3,0.4,0.6,0.3,0.4,1.16775e-06,-1.03931e-06,-3.36296e-07,1.59903e-06
2.33,0.6,0.3,0.4,0.6,0.3,0.4,1.40167e-06,-1.65038e-06,3.05025e-07,2.18666e-06
2.34,0.6,0.3,0.4,0.6,0.3,0.4,1.14985e-06,-1.01045e-06,-2.2414e-07,1.54706e-06
2.35,0.6,0.3,0.4,0.6,0.3,0.4,5.64226e-07,1.3543e-07,-2.95005e-08,5.81002e-07
2.36,0.6,0.3,0.4,0.6,0.3,0.4,2.97898e-07,1.88441e-07,5.67714e-07,6.68246e-07
2.37,0.6,0.3,0.4,0.6,0.3,0.4,2.46324e-07,7.64291e-07,8.26548e-08,8.07248e-07
2.38,0.6,0.3,0.4,0.6,0.3,0.4,-4.85739e-07,1.30548e-06,2.98087e-07,1.42446e-06
2.39,0.6,0.3,0.4,0.6,0.3,0.4,-2.69594e-07,1.36431e-06,-2.69457e-07,1.41656e-06
2.4,0.6,0.3,0.4,0.6,0.3,0.4,2.46323e-07,7.64291e-07,8.26553e-08,8.07247e-07
2.41,0.6,0.3,0.4,0.6,0.3,0.4,5.64226e-07,1.3543e-07,-2.95003e-08,5.81002e-07
2.42,0.6,0.3,0.4,0.6,0.3,0.4,3.14277e-07,-7.19341e-08,-2.06725e-07,3.82987e-07
2.43,0.6,0.3,0.4,0.6,0.3,0.4,2.81865e-07,-6.84475e-07,-4.36763e-07,8.59486e-07
2.44,0.6,0.3,0.4,0.6,0.3,0.4,4.82114e-07,-7.48556e-07,-3.92657e-07,9.73113e-07
2.45,0.6,0.3,0.4,0.6,0.3,0.4,4.82113e-07,-7.48556e-07,-3.92657e-07,9.73113e-07
2.46,0.6,0.3,0.4,0.6,0.3,0.4,2.64094e-07,3.9908e-08,-1.77054e-07,3.20447e-07
2.47,0.6,0.3,0.4,0.6,0.3,0.4,-3.62601e-09,5.56927e-07,-9.45694e-08,5.64911e-07
2.48,0.6,0.3,0.4,0.6,0.3,0.4,-5.38092e-08,6.68769e-07,-6.4898e-08,6.74062e-07
2.49,0.6,0.3,0.4,0.6,0.3,0.4,4.1416e-07,8.76692e-08,-1.03277e-07,4.35753e-07
2.5,0.6,0.3,0.4,0.6,0.3,0.4,4.64343e-07,-2.41729e-08,-1.32948e-07,4.83605e-07
2.51,0.6,0.3,0.4,0.6,0.3,0.4,7.32063e-07,-5.41192e-07,-2.15433e-07,9.3553e-07
2.52,0.6,0.3,0.4,0.6,0.3,0.4,5.81997e-07,-5.88953e-07,-2.89209e-07,8.77056e-07
2.53,0.6,0.3,0.4,0.6,0.3,0.4,1.61976e-07,-2.67761e-08,1.3966e-07,2.15541e-07
2.54,0.6,0.3,0.4,0.6,0.3,0.4,-1.53692e-07,5.09166e-07,-1.68346e-07,5.57863e-07
2.55,0.6,0.3,0.4,0.6,0.3,0.4,4.62109e-07,6.87461e-08,2.87213e-07,5.48418e-07
2.56,0.6,0.3,0.4,0.6,0.3,0.4,3.14277e-07,-7.19341e-08,-2.06725e-07,3.82988e-07
2.57,0.6,0.3,0.4,0.6,0.3,0.4,7.32063e-07,-5.41192e-07,-2.15433e-07,9.3553e-07
2.58,0.6,0.3,0.4,0.6,0.3,0.4,4.64343e-07,-2.41731e-08,-1.32948e-07,4.83605e-07
2.59,0.6,0.3,0.4,0.6,0.3,0.4,1.4644e-07,6.04688e-07,-2.07927e-08,6.22515e-07
2.6,0.6,0.3,0.4,0.6,0.3,0.4,1.4644e-07,6.04688e-07,-2.07923e-08,6.22515e-07
2.61,0.6,0.3,0.4,0.6,0.3,0.4,5.12291e-07,-4.3096e-08,2.57542e-07,5.75003e-07
2.62,0.6,0.3,0.4,0.6,0.3,0.4,6.29946e-07,-6.07876e-07,1.01281e-07,8.81251e-07
2.63,0.6,0.3,0.4,0.6,0.3,0.4,4.3193e-07,-6.36714e-07,-3.62986e-07,8.50722e-07
2.64,0.6,0.3,0.4,0.6,0.3,0.4,2.64094e-07,3.9908e-08,-1.77054e-07,3.20447e-07
2.65,0.6,0.3,0.4,0.6,0.3,0.4,-3.62638e-09,5.56927e-07,-9.4569e-08,5.6491e-07
2.66,0.6,0.3,0.4,0.6,0.3,0.4,2.64094e-07,3.9908e-08,-1.77054e-07,3.20447e-07
2.67,0.6,0.3,0.399999,0.6,0.3,0.4,8.12292e-07,-6.43096e-07,2.57542e-07,1.06758e-06
2.68,0.6,0.3,0.399999,0.6,0.3,0.4,8.61634e-07,-1.12603e-06,1.16276e-06,1.83368e-06
2.69,0.6,0.3,0.4,0.6,0.3,0.4,5.75781e-07,-6.39001e-07,2.27706e-06,2.4341e-06
2.7,0.6,0.3,0.4,0.6,0.3,0.4,1.7765e-07,9.1764e-08,1.91624e-06,1.92664e-06
2.71,0.6,0.3,0.4,0.6,0.3,0.4,3.9603e-07,5.76762e-08,9.28534e-07,1.01111e-06
2.72,0.6,0.3,0.4,0.6,0.3,0.4,4.46212e-07,-5.4166e-08,8.98863e-07,1.00498e-06
2.73,0.6,0.3,0.4,0.6,0.3,0.4,3.48081e-07,7.65992e-08,5.38043e-07,6.45383e-07
2.74,0.6,0.3,0.4,0.6,0.3,0.4,3.48081e-07,7.65993e-08,5.38044e-07,6.45383e-07
2.75,0.6,0.3,0.4,0.6,0.3,0.4,3.98264e-07,-3.52429e-08,5.08373e-07,6.4676e-07
2.76,0.6,0.3,0.4,0.6,0.3,0.4,8.82129e-07,-4.93431e-07,-1.41656e-07,1.02063e-06
2.77,0.6,0.3,0.4,0.6,0.3,0.4,4.47965e-07,2.36203e-07,6.41491e-07,8.17297e-07
2.78,0.6,0.3,0.4,0.6,0.3,0.4,5.14044e-07,2.47273e-07,1.70609e-10,5.70425e-07
2.79,0.6,0.3,0.399999,0.6,0.3,0.4,6.48082e-07,-5.23401e-07,5.38043e-07,9.9169e-07
2.8,0.6,0.3,0.399999,0.6,0.3,0.4,6.45489e-07,-1.18486e-06,1.73031e-06,2.1942e-06
2.81,0.6,0.3,0.4,0.6,0.3,0.4,4.57144e-08,7.39962e-08,8.10651e-07,8.15304e-07
2.82,0.6,0.3,0.4,0.6,0.3,0.4,-7.19398e-08,6.38776e-07,9.66913e-07,1.16109e-06
2.83,0.6,0.3,0.4,0.6,0.3,0.4,3.9603e-07,5.76762e-08,9.28534e-07,1.01111e-06
2.84,0.6,0.3,0.4,0.6,0.3,0.4,7.65735e-07,-1.08818e-06,3.81782e-07,1.38428e-06
2.85,0.6,0.3,0.4,0.6,0.3,0.4,4.1416e-07,8.76691e-08,-1.03277e-07,4.35753e-07
2.86,0.6,0.3,0.399999,0.6,0.3,0.4,7.8128e-08,6.86537e-07,1.04069e-06,1.24919e-06
2.87,0.6,0.3,0.400001,0.6,0.3,0.4,-3.60344e-08,-1.13256e-09,1.14397e-06,1.14453e-06
2.88,0.6,0.3,0.400001,0.6,0.3,0.4,-1.98014e-07,-2.88379e-08,-4.64267e-07,5.05554e-07
2.89,0.6,0.3,0.400001,0.6,0.3,0.4,-7.81256e-08,-6.86536e-07,-1.04069e-06,1.24919e-06
2.9,0.6,0.3,0.4,0.6,0.3,0.4,-1.95781e-07,-1.21757e-07,-8.84428e-07,9.13985e-07
2.91,0.6,0.3,0.4,0.6,0.3,0.4,-3.15668e-07,5.35942e-07,-3.08006e-07,6.94081e-07
2.92,0.6,0.3,0.4,0.6,0.3,0.4,-2.4959e-07,5.47012e-07,-9.49326e-07,1.12372e-06
2.93,0.6,0.3,0.399999,0.6,0.3,0.4,1.50066e-07,4.77612e-08,7.37765e-08,1.73908e-07
2.94,0.6,0.3,0.4,0.6,0.3,0.4,2.8187e-07,-6.29993e-07,1.03181e-06,1.24136e-06
2.95,0.6,0.3,0.4,0.6,0.3,0.4,5.15917e-07,-6.00023e-07,3.52112e-07,8.6613e-07
2.96,0.6,0.3,0.4,0.6,0.3,0.4,3.48081e-07,7.65993e-08,5.38044e-07,6.45383e-07
2.97,0.6,0.3,0.4,0.6,0.3,0.4,3.01779e-08,7.0546e-07,6.50199e-07,9.59866e-07
2.98,0.6,0.3,0.4,0.6,0.3,0.4,3.48081e-07,7.65992e-08,5.38044e-07,6.45383e-07
2.99,0.6,0.3,0.400001,0.6,0.3,0.4,2.33917e-07,-6.65552e-07,-8.27253e-07,1.08721e-06
3,0.6,0.3,0.399999,0.6,0.3,0.4,-4.47965e-07,-2.36203e-07,-6.41491e-07,8.17297e-07
3.01,0.6,0.3,0.399999,0.6,0.3,0.4,-2.85982e-07,-2.08496e-07,9.66743e-07,1.02949e-06
3.02,0.6,0.3,0.400001,0.6,0.3,0.4,-7.83999e-07,3.62665e-07,5.02475e-07,9.9933e-07
3.03,0.6,0.3,0.4,0.6,0.3,0.4,-4.47964e-07,-2.36203e-07,-6.41491e-07,8.17297e-07
3.04,0.6,0.3,0.4,0.6,0.3,0.4,-3.01779e-08,-7.0546e-07,-6.50199e-07,9.59866e-07
3.05,0.6,0.3,0.4,0.6,0.3,0.4,0,0,-0,0
3.06,0.6,0.3,0.4,0.6,0.3,0.4,-2.18019e-07,7.88464e-07,2.15603e-07,8.45986e-07
3.07,0.6,0.3,0.4,0.6,0.3,0.4,1.65963e-07,1.70673e-07,-5.37873e-07,5.88201e-07
3.08,0.6,0.3,0.399999,0.6,0.3,0.4,4.47833e-07,-4.5932e-07,4.93938e-07,8.09631e-07
3.09,0.6,0.3,0.4,0.6,0.3,0.4,7.47605e-07,-1.11817e-06,1.41359e-06,1.95127e-06
3.1,0.6,0.3,0.4,0.6,0.3,0.4,1.47832e-07,1.4068e-07,4.93938e-07,5.34434e-07
3.11,0.6,0.3,0.400001,0.6,0.3,0.4,-5.15918e-07,6.00023e-07,-3.52111e-07,8.6613e-07
3.12,0.6,0.3,0.4,0.6,0.3,0.4,-4.79486e-08,1.89231e-08,-3.9049e-07,3.93878e-07
3.13,0.6,0.3,0.4,0.6,0.3,0.4,2.69955e-07,-6.09938e-07,-5.02646e-07,8.35196e-07
3.14,0.6,0.3,0.4,0.6,0.3,0.4,3.66212e-07,1.06592e-07,-4.93767e-07,6.23922e-07
3.15,0.6,0.3,0.399999,0.6,0.3,0.4,-1.67836e-07,6.76622e-07,1.85932e-07,7.21497e-07
3.16,0.6,0.3,0.4,0.6,0.3,0.4,-3.60336e-08,-1.13209e-09,1.14397e-06,1.14453e-06
3.17,0.6,0.3,0.4,0.6,0.3,0.4,4.98015e-07,-5.71162e-07,4.64267e-07,8.887e-07
3.18,0.6,0.3,0.400001,0.6,0.3,0.4,6.65984e-07,-5.52262e-07,4.25888e-07,9.64317e-07
3.19,0.6,0.3,0.4,0.6,0.3,0.4,2.69954e-07,-6.09938e-07,-5.02646e-07,8.35196e-07
3.2,0.6,0.3,0.4,0.6,0.3,0.4,-4.79485e-08,1.8923e-08,-3.9049e-07,3.93878e-07
3.21,0.6,0.3,0.4,0.6,0.3,0.4,-1.65602e-07,5.83703e-07,-2.34229e-07,6.50382e-07
3.22,0.6,0.3,0.399999,0.6,0.3,0.4,1.50066e-07,4.77612e-08,7.37765e-08,1.73908e-07
3.23,0.6,0.3,0.4,0.6,0.3,0.4,2.8187e-07,-6.29993e-07,1.03181e-06,1.24136e-06
3.24,0.6,0.3,0.4,0.6,0.3,0.4,8.15918e-07,-1.20002e-06,3.52111e-07,1.49324e-06
3.25,0.6,0.3,0.4,0.6,0.3,0.4,6.65983e-07,-5.52262e-07,4.25889e-07,9.64317e-07
3.26,0.6,0.3,0.4,0.6,0.3,0.4,-3.4808e-07,-7.65988e-08,-5.38044e-07,6.45383e-07
3.27,0.6,0.3,0.4,0.6,0.3,0.4,-6.15801e-07,4.4042e-07,-4.55559e-07,8.8358e-07
3.28,0.6,0.3,0.4,0.6,0.3,0.4,6.60792e-08,1.10699e-08,-6.4132e-07,6.44811e-07
3.29,0.6,0.3,0.399999,0.6,0.3,0.4,9.81317e-08,-1.30765e-07,3.60819e-07,3.96131e-07
3.3,0.6,0.3,0.400001,0.6,0.3,0.4,4.49706e-07,-1.30662e-06,8.45879e-07,1.62018e-06
3.31,0.6,0.3,0.4,0.6,0.3,0.4,-2.97898e-07,-1.88441e-07,-5.67715e-07,6.68246e-07
3.32,0.6,0.3,0.4,0.6,0.3,0.4,-6.63749e-07,4.59343e-07,-8.46049e-07,1.16934e-06
3.33,0.6,0.3,0.4,0.6,0.3,0.4,-1.98015e-07,-2.88381e-08,-4.64267e-07,5.05554e-07
3.34,0.6,0.3,0.4,0.6,0.3,0.4,-4.79486e-08,1.89232e-08,-3.9049e-07,3.93878e-07
3.35,0.6,0.3,0.4,0.6,0.3,0.4,4.33683e-07,-3.46346e-07,-6.20358e-07,8.32394e-07
3.36,0.6,0.3,0.399999,0.6,0.3,0.4,9.98837e-08,1.59603e-07,1.03447e-07,2.14829e-07
3.37,0.6,0.3,0.4,0.6,0.3,0.4,-3.86217e-07,7.1071e-07,1.17364e-06,1.42538e-06
3.38,0.6,0.3,0.4,0.6,0.3,0.4,4.47832e-07,-4.5932e-07,4.93938e-07,8.09631e-07
3.39,0.6,0.3,0.400001,0.6,0.3,0.4,4.17787e-07,-4.69257e-07,-8.70785e-09,6.2835e-07
3.4,0.6,0.3,0.4,0.6,0.3,0.4,-4.79485e-08,1.8923e-08,-3.9049e-07,3.93878e-07
3.41,0.6,0.3,0.4,0.6,0.3,0.4,-9.81312e-08,1.30765e-07,-3.60819e-07,3.96131e-07
3.42,0.6,0.3,0.4,0.6,0.3,0.4,-2.51824e-07,6.39931e-07,-5.29165e-07,8.67722e-07
3.43,0.6,0.3,0.399999,0.6,0.3,0.4,-2.52184e-07,-1.14446e-07,2.42937e-07,3.68392e-07
3.44,0.6,0.3,0.399999,0.6,0.3,0.4,2.9687e-08,-7.44438e-07,1.27475e-06,1.4765e-06
3.45,0.6,0.3,0.400001,0.6,0.3,0.4,-3.60629e-10,-7.54376e-07,7.72102e-07,1.07946e-06
3.46,0.6,0.3,0.4,0.6,0.3,0.4,-4.47964e-07,-2.36202e-07,-6.41492e-07,8.17297e-07
3.47,0.6,0.3,0.4,0.6,0.3,0.4,-5.46096e-07,-1.05437e-07,-1.00231e-06,1.14628e-06
3.48,0.6,0.3,0.4,0.6,0.3,0.4,-4.65735e-07,4.88181e-07,-3.81782e-07,7.75234e-07
3.49,0.6,0.3,0.4,0.6,0.3,0.4,-8.17528e-08,-1.2961e-07,-1.13526e-06,1.14555e-06
3.5,0.6,0.3,0.399999,0.6,0.3,0.4,5.34048e-07,-5.7003e-07,-6.797e-07,1.03544e-06
3.51,0.6,0.3,0.399999,0.6,0.3,0.4,-1.81296e-08,-2.99928e-08,1.03181e-06,1.03241e-06
3.52,0.6,0.3,0.4,0.6,0.3,0.4,-3.36034e-07,5.98868e-07,1.14397e-06,1.33425e-06
3.53,0.6,0.3,0.4,0.6,0.3,0.4,1.98015e-07,2.88381e-08,4.64267e-07,5.05554e-07
3.54,0.6,0.3,0.400001,0.6,0.3,0.4,6.65984e-07,-5.52262e-07,4.25888e-07,9.64317e-07
3.55,0.6,0.3,0.4,0.6,0.3,0.4,2.23451e-09,-9.2919e-08,-4.20161e-07,4.30319e-07
3.56,0.6,0.3,0.4,0.6,0.3,0.4,-3.15668e-07,5.35942e-07,-3.08006e-07,6.94081e-07
3.57,0.6,0.3,0.4,0.6,0.3,0.4,1.81306e-08,2.99931e-08,-1.03181e-06,1.03241e-06
3.58,0.6,0.3,0.399999,0.6,0.3,0.4,5.48198e-07,-6.83004e-07,4.34596e-07,9.77696e-07
3.59,0.6,0.3,0.4,0.6,0.3,0.4,4.31936e-07,-5.82232e-07,1.10559e-06,1.32208e-06
3.6,0.6,0.3,0.4,0.6,0.3,0.4,1.98014e-07,2.88379e-08,4.64267e-07,5.05554e-07
3.61,0.6,0.3,0.4,0.6,0.3,0.4,-9.81309e-08,1.30765e-07,-3.60819e-07,3.96131e-07
3.62,0.6,0.3,0.4,0.6,0.3,0.4,-3.65852e-07,6.47784e-07,-2.78335e-07,7.94318e-07
3.63,0.6,0.3,0.4,0.6,0.3,0.4,5.19351e-08,1.78526e-07,-2.87043e-07,3.41998e-07
3.64,0.6,0.3,0.4,0.6,0.3,0.4,-1.49706e-07,7.06615e-07,-8.45878e-07,1.11231e-06
3.65,0.6,0.3,0.399999,0.6,0.3,0.4,3.00133e-07,9.55224e-08,1.47553e-07,3.47816e-07
3.66,0.6,0.3,0.4,0.6,0.3,0.4,3.99656e-07,-4.9925e-07,1.0231e-06,1.20653e-06
3.67,0.6,0.3,0.4,0.6,0.3,0.4,5.15918e-07,-6.00023e-07,3.52111e-07,8.6613e-07
3.68,0.6,0.3,0.4,0.6,0.3,0.4,4.65735e-07,-4.88181e-07,3.81783e-07,7.75234e-07
3.69,0.6,0.3,0.4,0.6,0.3,0.4,-1.50066e-07,-4.77611e-08,-7.37768e-08,1.73908e-07
3.7,0.6,0.3,0.4,0.6,0.3,0.4,-4.65735e-07,4.88181e-07,-3.81782e-07,7.75234e-07
3.71,0.6,0.3,0.4,0.6,0.3,0.4,-1.31936e-07,-1.77681e-08,-1.10559e-06,1.11357e-06
3.72,0.6,0.3,0.399999,0.6,0.3,0.4,-1.50066e-07,-4.77612e-08,-7.37765e-08,1.73908e-07
3.73,0.6,0.3,0.4,0.6,0.3,0.4,2.99773e-07,-6.58854e-07,9.19655e-07,1.17035e-06
3.74,0.6,0.3,0.4,0.6,0.3,0.4,5.15917e-07,-6.00023e-07,3.52112e-07,8.6613e-07
3.75,0.6,0.3,0.4,0.6,0.3,0.4,-1.98014e-07,-2.88379e-08,-4.64267e-07,5.05554e-07
3.76,0.6,0.3,0.4,0.6,0.3,0.4,-3.65851e-07,6.47784e-07,-2.78335e-07,7.94318e-07
3.77,0.6,0.3,0.4,0.6,0.3,0.4,-4.79486e-08,1.89231e-08,-3.9049e-07,3.93878e-07
3.78,0.6,0.3,0.4,0.6,0.3,0.4,2.16145e-07,5.88311e-08,-5.67544e-07,6.10152e-07
3.79,0.6,0.3,0.399999,0.6,0.3,0.4,4.65736e-07,-4.8818e-07,3.81782e-07,7.75234e-07
3.8,0.6,0.3,0.4,0.6,0.3,0.4,1.98015e-07,2.88381e-08,4.64267e-07,5.05554e-07
3.81,0.6,0.3,0.4,0.6,0.3,0.4,-1.19888e-07,6.57699e-07,5.76422e-07,8.82725e-07
3.82,0.6,0.3,0.400001,0.6,0.3,0.4,-4.79482e-08,1.89233e-08,-3.9049e-07,3.93878e-07
3.83,0.6,0.3,0.4,0.6,0.3,0.4,2.23416e-09,-9.29189e-08,-4.20161e-07,4.30319e-07
3.84,0.6,0.3,0.4,0.6,0.3,0.4,-2.31819e-07,-1.77371e-07,-1.20904e-06,1.24377e-06
3.85,0.6,0.3,0.399999,0.6,0.3,0.4,-6.18035e-07,5.33339e-07,-3.53977e-08,8.17111e-07
3.86,0.6,0.3,0.399999,0.6,0.3,0.4,-2.20612e-07,1.27007e-07,1.40787e-06,1.4307e-06
3.87,0.6,0.3,0.400001,0.6,0.3,0.4,-5.36283e-07,6.62949e-07,1.09986e-06,1.39169e-06
3.88,0.6,0.3,0.400001,0.6,0.3,0.4,-9.65984e-07,1.15226e-06,-4.25888e-07,1.56276e-06
3.89,0.6,0.3,0.4,0.6,0.3,0.4,-6.9603e-07,5.42324e-07,-9.28534e-07,1.28092e-06
3.9,0.6,0.3,0.4,0.6,0.3,0.4,1.19888e-07,-6.57699e-07,-5.76422e-07,8.82725e-07
3.91,0.6,0.3,0.4,0.6,0.3,0.4,3.36034e-07,-5.98868e-07,-1.14397e-06,1.33425e-06
3.92,0.6,0.3,0.399999,0.6,0.3,0.4,4.67969e-07,-5.811e-07,-3.8379e-08,7.47091e-07
3.93,0.6,0.3,0.4,0.6,0.3,0.4,-6.83133e-08,8.18493e-08,1.06148e-06,1.06682e-06
3.94,0.6,0.3,0.4,0.6,0.3,0.4,-1.19888e-07,6.57699e-07,5.76422e-07,8.82725e-07
3.95,0.6,0.3,0.4,0.6,0.3,0.4,-1.19888e-07,6.57699e-07,5.76422e-07,8.82725e-07
3.96,0.6,0.3,0.400001,0.6,0.3,0.4,1.50066e-07,4.77612e-08,7.37768e-08,1.73908e-07
3.97,0.6,0.3,0.400001,0.6,0.3,0.4,2.69955e-07,-6.09937e-07,-5.02646e-07,8.35196e-07
3.98,0.6,0.3,0.4,0.6,0.3,0.4,6.83133e-08,-8.18493e-08,-1.06148e-06,1.06682e-06
3.99,0.6,0.3,0.399999,0.6,0.3,0.4,1.50066e-07,4.77611e-08,7.37765e-08,1.73908e-07
4,0.6,0.3,0.4,0.6,0.3,0.4,-3.36034e-07,5.98868e-07,1.14397e-06,1.33425e-06
4.01,0.6,0.3,0.4,0.6,0.3,0.4,1.98015e-07,2.88381e-08,4.64267e-07,5.05554e-07
4.02,0.6,0.3,0.400001,0.6,0.3,0.4,4.67969e-07,-5.811e-07,-3.83788e-08,7.47091e-07
4.03,0.6,0.3,0.4,0.6,0.3,0.4,2.69954e-07,-6.09938e-07,-5.02646e-07,8.35196e-07
4.04,0.6,0.3,0.4,0.6,0.3,0.4,2.23415e-09,-9.29192e-08,-4.20161e-07,4.30319e-07
4.05,0.6,0.3,0.4,0.6,0.3,0.4,3.24126e-08,6.12541e-07,2.30038e-07,6.55114e-07
4.06,0.6,0.3,0.399999,0.6,0.3,0.4,-2.6772e-07,5.17019e-07,8.24848e-08,5.88036e-07
4.07,0.6,0.3,0.399999,0.6,0.3,0.4,-1.20247e-07,-9.66772e-08,1.34852e-06,1.35732e-06
4.08,0.6,0.3,0.400001,0.6,0.3,0.4,-5.19352e-08,-1.78527e-07,2.87042e-07,3.41998e-07
4.09,0.6,0.3,0.4,0.6,0.3,0.4,2.00047e-08,-8.17302e-07,-6.7987e-07,1.0633e-06
4.1,0.6,0.3,0.4,0.6,0.3,0.4,-3.9603e-07,-5.76762e-08,-9.28534e-07,1.01111e-06
4.11,0.6,0.3,0.4,0.6,0.3,0.4,-5.661e-07,7.11865e-07,-3.22441e-07,9.64982e-07
4.12,0.6,0.3,0.4,0.6,0.3,0.4,-3.20521e-08,1.41835e-07,-1.00214e-06,1.01263e-06
4.13,0.6,0.3,0.399999,0.6,0.3,0.4,-5.01827e-08,1.11842e-07,2.9671e-08,1.26124e-07
4.14,0.6,0.3,0.4,0.6,0.3,0.4,2.4959e-07,-5.47012e-07,9.49326e-07,1.12372e-06
4.15,0.6,0.3,0.4,0.6,0.3,0.4,4.65735e-07,-4.88181e-07,3.81782e-07,7.75234e-07
4.16,0.6,0.3,0.4,0.6,0.3,0.4,1.47832e-07,1.4068e-07,4.93938e-07,5.34434e-07
4.17,0.6,0.3,0.400001,0.6,0.3,0.4,-3.65851e-07,6.47784e-07,-2.78335e-07,7.94318e-07
4.18,0.6,0.3,0.4,0.6,0.3,0.4,-4.79486e-08,1.89231e-08,-3.9049e-07,3.93878e-07
4.19,0.6,0.3,0.4,0.6,0.3,0.4,6.83134e-08,-8.18491e-08,-1.06148e-06,1.06682e-06
4.2,0.6,0.3,0.399999,0.6,0.3,0.4,4.67969e-07,-5.811e-07,-3.8379e-08,7.47091e-07
4.21,0.6,0.3,0.4,0.6,0.3,0.4,2.81869e-07,-6.29993e-07,1.03181e-06,1.24136e-06
4.22,0.6,0.3,0.4,0.6,0.3,0.4,-4.3779e-07,1.28656e-06,6.88578e-07,1.52349e-06
4.23,0.6,0.3,0.400001,0.6,0.3,0.4,-5.37543e-07,1.82248e-06,7.32684e-07,2.03647e-06
4.24,0.6,0.3,0.4,0.6,0.3,0.4,-4.79486e-08,1.89231e-08,-3.9049e-07,3.93878e-07
4.25,0.6,0.3,0.4,0.6,0.3,0.4,2.00249e-07,-6.40809e-08,4.41059e-08,2.14829e-07
4.26,0.6,0.3,0.4,0.6,0.3,0.4,2.33916e-07,-6.65552e-07,-8.27253e-07,1.08721e-06
4.27,0.6,0.3,0.399999,0.6,0.3,0.4,2.63735e-07,-7.14468e-07,5.95048e-07,9.6649e-07
4.28,0.6,0.3,0.400001,0.6,0.3,0.4,-1.00244e-07,-9.1398e-07,6.68654e-07,1.13688e-06
4.29,0.6,0.3,0.4,0.6,0.3,0.4,-1.30062e-07,-8.65063e-07,-7.53647e-07,1.15466e-06
4.3,0.6,0.3,0.4,0.6,0.3,0.4,-5.46096e-07,-1.05437e-07,-1.00231e-06,1.14628e-06
4.31,0.6,0.3,0.4,0.6,0.3,0.4,-7.16166e-07,6.64104e-07,-3.96217e-07,1.054e-06
4.32,0.6,0.3,0.4,0.6,0.3,0.4,-5.66101e-07,7.11865e-07,-3.2244e-07,9.64982e-07
4.33,0.6,0.3,0.4,0.6,0.3,0.4,1.65963e-07,1.70673e-07,-5.37873e-07,5.88201e-07
4.34,0.6,0.3,0.399999,0.6,0.3,0.4,0,0,-0,0
4.35,0.6,0.3,0.4,0.6,0.3,0.4,4.47605e-07,-5.18174e-07,1.41359e-06,1.5707e-06
4.36,0.6,0.3,0.4,0.6,0.3,0.4,4.65735e-07,-4.88181e-07,3.81782e-07,7.75234e-07
4.37,0.6,0.3,0.4,0.6,0.3,0.4,1.98015e-07,2.88381e-08,4.64267e-07,5.05554e-07
4.38,0.6,0.3,0.4,0.6,0.3,0.4,-1.67836e-07,6.76622e-07,1.85932e-07,7.21497e-07
4.39,0.6,0.3,0.4,0.6,0.3,0.4,-5.13684e-07,5.07104e-07,-7.72272e-07,1.05709e-06
4.4,0.6,0.3,0.4,0.6,0.3,0.4,-4.79486e-08,1.89231e-08,-3.9049e-07,3.93878e-07
4.41,0.6,0.3,0.4,0.6,0.3,0.4,4.861e-07,-5.51107e-07,-1.07019e-06,1.2982e-06
4.42,0.6,0.3,0.399999,0.6,0.3,0.4,1.98015e-07,2.88382e-08,4.64267e-07,5.05554e-07
4.43,0.6,0.3,0.4,0.6,0.3,0.4,-1.85968e-07,6.46629e-07,1.21774e-06,1.39126e-06
4.44,0.6,0.3,0.4,0.6,0.3,0.4,1.98015e-07,2.88381e-08,4.64267e-07,5.05554e-07
4.45,0.6,0.3,0.400001,0.6,0.3,0.4,4.67969e-07,-5.811e-07,-3.83788e-08,7.47091e-07
4.46,0.6,0.3,0.4,0.6,0.3,0.4,2.23415e-09,-9.29192e-08,-4.20161e-07,4.30319e-07
4.47,0.6,0.3,0.4,0.6,0.3,0.4,-4.79485e-08,1.8923e-08,-3.9049e-07,3.93878e-07
4.48,0.6,0.3,0.4,0.6,0.3,0.4,9.84913e-08,6.23611e-07,-4.11283e-07,7.53488e-07
4.49,0.6,0.3,0.399999,0.6,0.3,0.4,1.50066e-07,4.77612e-08,7.37765e-08,1.73908e-07
4.5,0.6,0.3,0.4,0.6,0.3,0.4,4.49839e-07,-6.11093e-07,9.93432e-07,1.25008e-06
4.51,0.6,0.3,0.4,0.6,0.3,0.4,1.98015e-07,2.88381e-08,4.64267e-07,5.05554e-07
4.52,0.6,0.3,0.4,0.6,0.3,0.4,-1.17654e-07,5.6478e-07,1.56261e-07,5.97693e-07
4.53,0.6,0.3,0.4,0.6,0.3,0.4,-4.79486e-08,1.89231e-08,-3.9049e-07,3.93878e-07
4.54,0.6,0.3,0.4,0.6,0.3,0.4,2.2342e-09,-9.2919e-08,-4.20161e-07,4.30319e-07
4.55,0.6,0.3,0.4,0.6,0.3,0.4,5.34049e-07,-5.7003e-07,-6.79699e-07,1.03544e-06
4.56,0.6,0.3,0.399999,0.6,0.3,0.4,-1.02117e-07,-6.66842e-08,3.16713e-07,3.39385e-07
4.57,0.6,0.3,0.399999,0.6,0.3,0.4,-6.38399e-07,5.96265e-07,1.41657e-06,1.66426e-06
4.58,0.6,0.3,0.400001,0.6,0.3,0.4,-3.68447e-07,-1.36735e-08,9.13928e-07,9.85497e-07
4.59,0.6,0.3,0.400001,0.6,0.3,0.4,-3.48081e-07,-7.65987e-08,-5.38044e-07,6.45383e-07
4.6,0.6,0.3,0.4,0.6,0.3,0.4,-9.6375e-07,1.05934e-06,-8.46049e-07,1.66338e-06
4.61,0.6,0.3,0.4,0.6,0.3,0.4,-3.45847e-07,-1.69518e-07,-9.58205e-07,1.03272e-06
4.62,0.6,0.3,0.4,0.6,0.3,0.4,3.36034e-07,-5.98868e-07,-1.14397e-06,1.33425e-06
4.63,0.6,0.3,0.399999,0.6,0.3,0.4,3.17903e-07,-6.28861e-07,-1.12156e-07,7.13517e-07
4.64,0.6,0.3,0.4,0.6,0.3,0.4,-1.81305e-08,-2.9993e-08,1.03181e-06,1.03241e-06
4.65,0.6,0.3,0.4,0.6,0.3,0.4,-1.7007e-07,7.69541e-07,6.06093e-07,9.94217e-07
4.66,0.6,0.3,0.4,0.6,0.3,0.4,-1.70071e-07,7.69541e-07,6.06093e-07,9.94217e-07
4.67,0.6,0.3,0.4,0.6,0.3,0.4,2.97898e-07,1.88441e-07,5.67714e-07,6.68246e-07
4.68,0.6,0.3,0.400001,0.6,0.3,0.4,4.17787e-07,-4.69257e-07,-8.70785e-09,6.2835e-07
4.69,0.6,0.3,0.4,0.6,0.3,0.4,2.69954e-07,-6.09938e-07,-5.02646e-07,8.35196e-07
4.7,0.6,0.3,0.4,0.6,0.3,0.4,1.81306e-08,2.99929e-08,-1.03181e-06,1.03241e-06
4.71,0.6,0.3,0.399999,0.6,0.3,0.4,-1.67836e-07,6.76622e-07,1.85932e-07,7.21497e-07
4.72,0.6,0.3,0.4,0.6,0.3,0.4,-6.83134e-08,8.18491e-08,1.06148e-06,1.06682e-06
4.73,0.6,0.3,0.400001,0.6,0.3,0.4,1.98014e-07,2.88379e-08,4.64267e-07,5.05554e-07
4.74,0.6,0.3,0.400001,0.6,0.3,0.4,2.69955e-07,-6.09937e-07,-5.02646e-07,8.35196e-07
4.75,0.6,0.3,0.4,0.6,0.3,0.4,2.69954e-07,-6.09938e-07,-5.02646e-07,8.35196e-07
4.76,0.6,0.3,0.4,0.6,0.3,0.4,-4.79485e-08,1.8923e-08,-3.9049e-07,3.93878e-07
4.77,0.6,0.3,0.4,0.6,0.3,0.4,4.83085e-08,7.35453e-07,-3.81612e-07,8.29971e-07
4.78,0.6,0.3,0.399999,0.6,0.3,0.4,1.98015e-07,2.88381e-08,4.64267e-07,5.05554e-07
4.79,0.6,0.3,0.4,0.6,0.3,0.4,2.98179e-08,-4.89162e-08,1.4223e-06,1.42345e-06
4.8,0.6,0.3,0.4,0.6,0.3,0.4,3.65852e-07,-6.47784e-07,2.78335e-07,7.94318e-07
4.81,0.6,0.3,0.4,0.6,0.3,0.4,5.01827e-08,-1.11842e-07,-2.96709e-08,1.26124e-07
4.82,0.6,0.3,0.4,0.6,0.3,0.4,-3.9603e-07,-5.76762e-08,-9.28534e-07,1.01111e-06
4.83,0.6,0.3,0.4,0.6,0.3,0.4,-3.15669e-07,5.35942e-07,-3.08006e-07,6.94081e-07
4.84,0.6,0.3,0.399999,0.6,0.3,0.4,1.81296e-08,2.99929e-08,-1.03181e-06,1.03241e-06
4.85,0.6,0.3,0.399999,0.6,0.3,0.4,3.20531e-08,-1.41835e-07,1.00214e-06,1.01263e-06
4.86,0.6,0.3,0.4,0.6,0.3,0.4,1.47832e-07,1.4068e-07,4.93938e-07,5.34434e-07
4.87,0.6,0.3,0.4,0.6,0.3,0.4,-2.69821e-07,1.30546e-06,6.50199e-07,1.48317e-06
4.88,0.6,0.3,0.4,0.6,0.3,0.4,-3.47949e-07,6.18923e-07,-3.9049e-07,8.10319e-07
4.89,0.6,0.3,0.4,0.6,0.3,0.4,3.69838e-07,-4.50334e-07,-3.99198e-07,7.06357e-07
